{"val_loss": [2.6032617799265827, 2.462737318464947, 2.343944159619094, 2.2418236285901916, 2.135138652651443, 2.067955337926216, 1.9875107587291505, 1.93360210300097, 1.8643444797109225, 1.8204610652729944], "val_acc": [0.2780561122393799, 0.42487309647695665, 0.44111675132954786, 0.5005076142585823, 0.5492385787709715, 0.5304568528826467, 0.5578680204255931, 0.5832487310401074, 0.6065989848925982, 0.6096446701415299], "loss": [2.797185029786983, 2.5714452561944707, 2.430212593055216, 2.317184323489637, 2.211851968755923, 2.13048638422426, 2.0510837994424724, 2.010816489690887, 1.9288108046436216, 1.887984551055374], "acc": [0.10279685969558619, 0.20190895743744663, 0.30152109913140446, 0.3556045032399458, 0.4033284386290794, 0.4344946023906646, 0.4547234459858109, 0.4575564280751877, 0.49705593716408014, 0.49779735690113147]}